Id,Score
32001,1
32002,1
32003,1
32004,1
32005,1
32006,1
32007,1
32008,1
32009,1
32010,1
32011,1
32012,1
32013,1
32014,1
32015,1
32016,1
32017,1
32018,1
32019,1
32020,1
32021,1
32022,1
32023,1
32024,1
32025,1
32026,1
32027,1
32028,1
32029,1
32030,1
32031,1
32032,1
32033,1
32034,1
32035,1
32036,1
32037,1
32038,1
32039,1
32040,1
32041,1
32042,1
32043,1
32044,1
32045,1
32046,1
32047,1
32048,1
32049,1
32050,1
32051,1
32052,1
32053,1
32054,1
32055,1
32056,1
32057,1
32058,1
32059,1
32060,1
32061,1
32062,1
32063,1
32064,1
32065,1
32066,1
32067,1
32068,1
32069,1
32070,1
32071,1
32072,1
32073,1
32074,1
32075,1
32076,1
32077,1
32078,1
32079,1
32080,1
32081,1
32082,1
32083,1
32084,1
32085,1
32086,1
32087,1
32088,1
32089,1
32090,1
32091,1
32092,1
32093,1
32094,1
32095,1
32096,1
32097,1
32098,1
32099,1
32100,1
32101,1
32102,1
32103,1
32104,1
32105,1
32106,1
32107,1
32108,1
32109,1
32110,1
32111,1
32112,1
32113,1
32114,1
32115,1
32116,1
32117,1
32118,1
32119,1
32120,1
32121,1
32122,1
32123,1
32124,1
32125,1
32126,1
32127,1
32128,1
32129,1
32130,1
32131,1
32132,1
32133,1
32134,1
32135,1
32136,1
32137,1
32138,1
32139,1
32140,1
32141,1
32142,1
32143,1
32144,1
32145,1
32146,1
32147,1
32148,1
32149,1
32150,1
32151,1
32152,1
32153,1
32154,1
32155,1
32156,1
32157,1
32158,1
32159,1
32160,1
32161,1
32162,1
32163,1
32164,1
32165,1
32166,1
32167,1
32168,1
32169,1
32170,1
32171,1
32172,1
32173,1
32174,1
32175,1
32176,1
32177,1
32178,1
32179,1
32180,1
32181,1
32182,1
32183,1
32184,1
32185,1
32186,1
32187,1
32188,1
32189,1
32190,1
32191,1
32192,1
32193,1
32194,1
32195,1
32196,1
32197,1
32198,1
32199,1
32200,1
32201,1
32202,1
32203,1
32204,1
32205,1
32206,1
32207,1
32208,1
32209,1
32210,1
32211,1
32212,1
32213,1
32214,1
32215,1
32216,1
32217,1
32218,1
32219,1
32220,1
32221,1
32222,1
32223,1
32224,1
32225,1
32226,1
32227,1
32228,1
32229,1
32230,1
32231,1
32232,1
32233,1
32234,1
32235,1
32236,1
32237,1
32238,1
32239,1
32240,1
32241,1
32242,1
32243,1
32244,1
32245,1
32246,1
32247,1
32248,1
32249,1
32250,1
32251,1
32252,1
32253,1
32254,1
32255,1
32256,1
32257,1
32258,1
32259,1
32260,1
32261,1
32262,1
32263,1
32264,1
32265,1
32266,1
32267,1
32268,1
32269,1
32270,1
32271,1
32272,1
32273,1
32274,1
32275,1
32276,1
32277,1
32278,1
32279,1
32280,1
32281,1
32282,1
32283,1
32284,1
32285,1
32286,1
32287,1
32288,1
32289,1
32290,1
32291,1
32292,1
32293,1
32294,1
32295,1
32296,1
32297,1
32298,1
32299,1
32300,1
32301,1
32302,1
32303,1
32304,1
32305,1
32306,1
32307,1
32308,1
32309,1
32310,1
32311,1
32312,1
32313,1
32314,1
32315,1
32316,1
32317,1
32318,1
32319,1
32320,1
32321,1
32322,1
32323,1
32324,1
32325,1
32326,1
32327,1
32328,1
32329,1
32330,1
32331,1
32332,1
32333,1
32334,1
32335,1
32336,1
32337,1
32338,1
32339,1
32340,1
32341,1
32342,1
32343,1
32344,1
32345,1
32346,1
32347,1
32348,1
32349,1
32350,1
32351,1
32352,1
32353,1
32354,1
32355,1
32356,1
32357,1
32358,1
32359,1
32360,1
32361,1
32362,1
32363,1
32364,1
32365,1
32366,1
32367,1
32368,1
32369,1
32370,1
32371,1
32372,1
32373,1
32374,1
32375,1
32376,1
32377,1
32378,1
32379,1
32380,1
32381,1
32382,1
32383,1
32384,1
32385,1
32386,1
32387,1
32388,1
32389,1
32390,1
32391,1
32392,1
32393,1
32394,1
32395,1
32396,1
32397,1
32398,1
32399,1
32400,1
32401,1
32402,1
32403,1
32404,1
32405,1
32406,1
32407,1
32408,1
32409,1
32410,1
32411,1
32412,1
32413,1
32414,1
32415,1
32416,1
32417,1
32418,1
32419,1
32420,1
32421,1
32422,1
32423,1
32424,1
32425,1
32426,1
32427,1
32428,1
32429,1
32430,1
32431,1
32432,1
32433,1
32434,1
32435,1
32436,1
32437,1
32438,1
32439,1
32440,1
32441,1
32442,1
32443,1
32444,1
32445,1
32446,1
32447,1
32448,1
32449,1
32450,1
32451,1
32452,1
32453,1
32454,1
32455,1
32456,4
32457,1
32458,1
32459,1
32460,1
32461,1
32462,1
32463,1
32464,1
32465,1
32466,1
32467,1
32468,1
32469,1
32470,1
32471,1
32472,1
32473,1
32474,1
32475,1
32476,1
32477,1
32478,1
32479,1
32480,1
32481,1
32482,1
32483,1
32484,1
32485,1
32486,1
32487,1
32488,1
32489,1
32490,1
32491,1
32492,1
32493,1
32494,1
32495,1
32496,1
32497,1
32498,1
32499,1
32500,1
32501,1
32502,1
32503,1
32504,1
32505,1
32506,1
32507,1
32508,1
32509,1
32510,1
32511,1
32512,1
32513,1
32514,1
32515,1
32516,1
32517,1
32518,1
32519,1
32520,1
32521,1
32522,1
32523,1
32524,1
32525,1
32526,1
32527,1
32528,1
32529,1
32530,1
32531,1
32532,1
32533,1
32534,1
32535,1
32536,1
32537,1
32538,1
32539,1
32540,1
32541,1
32542,1
32543,1
32544,1
32545,1
32546,1
32547,1
32548,1
32549,1
32550,1
32551,1
32552,1
32553,1
32554,1
32555,1
32556,1
32557,1
32558,1
32559,1
32560,1
32561,1
32562,1
32563,1
32564,1
32565,1
32566,1
32567,1
32568,1
32569,1
32570,1
32571,1
32572,1
32573,1
32574,1
32575,1
32576,1
32577,1
32578,1
32579,1
32580,1
32581,1
32582,1
32583,1
32584,1
32585,1
32586,1
32587,1
32588,1
32589,1
32590,1
32591,1
32592,1
32593,1
32594,1
32595,1
32596,1
32597,1
32598,1
32599,1
32600,1
32601,1
32602,1
32603,1
32604,1
32605,1
32606,1
32607,1
32608,1
32609,1
32610,1
32611,1
32612,1
32613,1
32614,1
32615,1
32616,1
32617,1
32618,1
32619,1
32620,1
32621,1
32622,1
32623,1
32624,1
32625,1
32626,1
32627,1
32628,1
32629,1
32630,1
32631,1
32632,1
32633,1
32634,1
32635,1
32636,1
32637,1
32638,1
32639,1
32640,1
32641,1
32642,1
32643,1
32644,1
32645,1
32646,1
32647,1
32648,1
32649,1
32650,1
32651,1
32652,1
32653,1
32654,1
32655,1
32656,1
32657,1
32658,1
32659,1
32660,1
32661,1
32662,1
32663,1
32664,1
32665,1
32666,1
32667,1
32668,1
32669,1
32670,1
32671,1
32672,1
32673,1
32674,1
32675,1
32676,1
32677,1
32678,1
32679,1
32680,1
32681,1
32682,1
32683,1
32684,1
32685,1
32686,1
32687,1
32688,1
32689,1
32690,1
32691,1
32692,4
32693,1
32694,1
32695,1
32696,1
32697,1
32698,1
32699,1
32700,1
32701,1
32702,1
32703,1
32704,1
32705,1
32706,1
32707,1
32708,1
32709,1
32710,1
32711,1
32712,1
32713,1
32714,1
32715,1
32716,1
32717,1
32718,1
32719,1
32720,1
32721,1
32722,1
32723,1
32724,1
32725,1
32726,1
32727,1
32728,1
32729,1
32730,1
32731,1
32732,1
32733,1
32734,1
32735,1
32736,1
32737,1
32738,1
32739,1
32740,1
32741,1
32742,1
32743,1
32744,1
32745,1
32746,1
32747,1
32748,1
32749,1
32750,4
32751,1
32752,2
32753,1
32754,1
32755,1
32756,1
32757,1
32758,1
32759,1
32760,1
32761,1
32762,1
32763,4
32764,1
32765,1
32766,1
32767,1
32768,1
32769,1
32770,1
32771,1
32772,1
32773,1
32774,1
32775,1
32776,1
32777,1
32778,1
32779,1
32780,1
32781,1
32782,1
32783,1
32784,1
32785,1
32786,1
32787,1
32788,1
32789,1
32790,1
32791,1
32792,1
32793,1
32794,1
32795,1
32796,1
32797,1
32798,1
32799,1
32800,1
32801,1
32802,1
32803,1
32804,1
32805,1
32806,1
32807,1
32808,1
32809,1
32810,1
32811,1
32812,1
32813,1
32814,1
32815,1
32816,1
32817,1
32818,1
32819,1
32820,1
32821,1
32822,1
32823,1
32824,1
32825,1
32826,1
32827,1
32828,1
32829,1
32830,1
32831,1
32832,1
32833,1
32834,1
32835,1
32836,1
32837,1
32838,1
32839,1
32840,1
32841,1
32842,1
32843,1
32844,1
32845,1
32846,1
32847,1
32848,1
32849,1
32850,1
32851,1
32852,1
32853,1
32854,1
32855,1
32856,1
32857,1
32858,1
32859,1
32860,1
32861,1
32862,1
32863,1
32864,1
32865,1
32866,1
32867,1
32868,1
32869,1
32870,1
32871,1
32872,1
32873,1
32874,1
32875,1
32876,1
32877,1
32878,1
32879,1
32880,1
32881,1
32882,1
32883,1
32884,1
32885,1
32886,1
32887,1
32888,1
32889,1
32890,1
32891,1
32892,1
32893,1
32894,1
32895,1
32896,1
32897,1
32898,1
32899,1
32900,1
32901,1
32902,1
32903,1
32904,1
32905,1
32906,1
32907,1
32908,1
32909,1
32910,1
32911,1
32912,1
32913,1
32914,1
32915,1
32916,1
32917,1
32918,1
32919,1
32920,1
32921,1
32922,1
32923,1
32924,1
32925,1
32926,1
32927,1
32928,1
32929,1
32930,1
32931,1
32932,1
32933,1
32934,1
32935,1
32936,1
32937,1
32938,1
32939,1
32940,1
32941,1
32942,1
32943,1
32944,1
32945,1
32946,1
32947,1
32948,1
32949,1
32950,1
32951,1
32952,1
32953,1
32954,1
32955,1
32956,1
32957,1
32958,1
32959,1
32960,1
32961,1
32962,1
32963,1
32964,1
32965,1
32966,1
32967,1
32968,1
32969,1
32970,1
32971,1
32972,1
32973,1
32974,1
32975,1
32976,1
32977,1
32978,1
32979,1
32980,1
32981,1
32982,1
32983,1
32984,1
32985,1
32986,1
32987,1
32988,1
32989,1
32990,1
32991,1
32992,1
32993,1
32994,1
32995,1
32996,1
32997,1
32998,1
32999,1
33000,1
33001,1
33002,1
33003,1
33004,1
33005,1
33006,1
33007,1
33008,1
33009,1
33010,1
33011,1
33012,1
33013,1
33014,1
33015,1
33016,1
33017,1
33018,1
33019,1
33020,1
33021,1
33022,1
33023,1
33024,1
33025,1
33026,1
33027,1
33028,1
33029,1
33030,1
33031,1
33032,4
33033,1
33034,1
33035,1
33036,1
33037,1
33038,1
33039,1
33040,1
33041,1
33042,1
33043,1
33044,1
33045,1
33046,1
33047,1
33048,1
33049,1
33050,1
33051,1
33052,1
33053,1
33054,1
33055,1
33056,1
33057,1
33058,1
33059,1
33060,1
33061,1
33062,1
33063,1
33064,1
33065,1
33066,1
33067,1
33068,1
33069,1
33070,1
33071,1
33072,1
33073,1
33074,1
33075,1
33076,1
33077,1
33078,1
33079,1
33080,1
33081,4
33082,1
33083,1
33084,1
33085,1
33086,1
33087,1
33088,1
33089,1
33090,1
33091,1
33092,1
33093,1
33094,1
33095,1
33096,1
33097,1
33098,1
33099,1
33100,1
33101,1
33102,1
33103,1
33104,1
33105,1
33106,1
33107,1
33108,1
33109,1
33110,1
33111,1
33112,1
33113,1
33114,1
33115,1
33116,1
33117,1
33118,1
33119,1
33120,1
33121,1
33122,1
33123,1
33124,8
33125,1
33126,1
33127,1
33128,1
33129,1
33130,1
33131,1
33132,1
33133,1
33134,1
33135,1
33136,1
33137,1
33138,1
33139,1
33140,1
33141,1
33142,1
33143,1
33144,1
33145,1
33146,1
33147,1
33148,1
33149,1
33150,1
33151,1
33152,1
33153,1
33154,1
33155,1
33156,1
33157,1
33158,1
33159,1
33160,1
33161,1
33162,1
33163,1
33164,1
33165,1
33166,1
33167,1
33168,1
33169,1
33170,1
33171,1
33172,1
33173,1
33174,1
33175,1
33176,1
33177,1
33178,1
33179,1
33180,1
33181,1
33182,1
33183,1
33184,1
33185,1
33186,1
33187,1
33188,1
33189,1
33190,1
33191,1
33192,1
33193,1
33194,1
33195,1
33196,1
33197,1
33198,1
33199,1
33200,1
33201,1
33202,1
33203,1
33204,1
33205,1
33206,1
33207,1
33208,1
33209,1
33210,1
33211,1
33212,1
33213,1
33214,1
33215,1
33216,1
33217,1
33218,1
33219,1
33220,1
33221,1
33222,1
33223,1
33224,1
33225,1
33226,1
33227,1
33228,1
33229,1
33230,1
33231,1
33232,1
33233,1
33234,1
33235,1
33236,1
33237,1
33238,1
33239,1
33240,4
33241,1
33242,1
33243,1
33244,1
33245,1
33246,1
33247,1
33248,1
33249,1
33250,1
33251,1
33252,1
33253,1
33254,1
33255,1
33256,1
33257,1
33258,1
33259,1
33260,1
33261,1
33262,1
33263,1
33264,1
33265,1
33266,1
33267,1
33268,1
33269,1
33270,1
33271,1
33272,1
33273,1
33274,1
33275,1
33276,1
33277,1
33278,1
33279,1
33280,1
33281,1
33282,1
33283,1
33284,1
33285,1
33286,1
33287,1
33288,1
33289,1
33290,1
33291,1
33292,1
33293,1
33294,1
33295,1
33296,1
33297,1
33298,1
33299,1
33300,1
33301,1
33302,1
33303,1
33304,1
33305,1
33306,1
33307,1
33308,1
33309,1
33310,1
33311,1
33312,1
33313,1
33314,1
33315,1
33316,1
33317,1
33318,1
33319,1
33320,1
33321,1
33322,1
33323,1
33324,1
33325,1
33326,1
33327,1
33328,1
33329,1
33330,1
33331,1
33332,1
33333,1
33334,1
33335,1
33336,1
33337,1
33338,1
33339,1
33340,1
33341,1
33342,1
33343,1
33344,1
33345,1
33346,1
33347,1
33348,1
33349,1
33350,1
33351,1
33352,1
33353,1
33354,1
33355,1
33356,1
33357,1
33358,1
33359,1
33360,1
33361,1
33362,1
33363,1
33364,1
33365,1
33366,1
33367,1
33368,1
33369,1
33370,1
33371,1
33372,1
33373,1
33374,1
33375,1
33376,1
33377,1
33378,1
33379,1
33380,1
33381,1
33382,1
33383,1
33384,1
33385,1
33386,1
33387,1
33388,1
33389,1
33390,1
33391,1
33392,1
33393,1
33394,1
33395,1
33396,1
33397,1
33398,1
33399,1
33400,1
33401,1
33402,1
33403,1
33404,1
33405,1
33406,1
33407,1
33408,1
33409,1
33410,1
33411,1
33412,1
33413,1
33414,1
33415,1
33416,1
33417,1
33418,1
33419,1
33420,1
33421,1
33422,1
33423,1
33424,1
33425,1
33426,1
33427,1
33428,1
33429,1
33430,1
33431,1
33432,1
33433,1
33434,1
33435,1
33436,1
33437,1
33438,1
33439,1
33440,1
33441,1
33442,1
33443,1
33444,1
33445,1
33446,1
33447,1
33448,1
33449,1
33450,1
33451,1
33452,1
33453,1
33454,1
33455,1
33456,1
33457,1
33458,1
33459,1
33460,1
33461,1
33462,1
33463,1
33464,1
33465,1
33466,1
33467,1
33468,1
33469,1
33470,1
33471,1
33472,1
33473,1
33474,1
33475,1
33476,1
33477,1
33478,1
33479,1
33480,1
33481,1
33482,1
33483,1
33484,1
33485,1
33486,1
33487,1
33488,1
33489,1
33490,1
33491,1
33492,1
33493,1
33494,1
33495,1
33496,1
33497,1
33498,1
33499,1
33500,1
33501,1
33502,1
33503,1
33504,1
33505,1
33506,1
33507,1
33508,1
33509,1
33510,1
33511,1
33512,1
33513,1
33514,1
33515,1
33516,1
33517,1
33518,1
33519,1
33520,1
33521,1
33522,1
33523,1
33524,1
33525,1
33526,1
33527,1
33528,1
33529,1
33530,1
33531,1
33532,1
33533,1
33534,1
33535,1
33536,1
33537,1
33538,1
33539,1
33540,1
33541,1
33542,1
33543,1
33544,1
33545,1
33546,1
33547,1
33548,1
33549,1
33550,1
33551,1
33552,1
33553,1
33554,1
33555,1
33556,1
33557,1
33558,1
33559,1
33560,1
33561,1
33562,1
33563,1
33564,1
33565,1
33566,1
33567,1
33568,1
33569,1
33570,1
33571,1
33572,1
33573,1
33574,1
33575,1
33576,1
33577,1
33578,1
33579,1
33580,1
33581,1
33582,1
33583,1
33584,1
33585,1
33586,1
33587,1
33588,1
33589,1
33590,1
33591,1
33592,1
33593,1
33594,1
33595,1
33596,1
33597,1
33598,1
33599,1
33600,1
33601,1
33602,1
33603,1
33604,1
33605,1
33606,1
33607,1
33608,1
33609,1
33610,1
33611,1
33612,1
33613,1
33614,1
33615,1
33616,1
33617,1
33618,1
33619,1
33620,1
33621,1
33622,1
33623,1
33624,1
33625,1
33626,1
33627,1
33628,1
33629,1
33630,1
33631,1
33632,1
33633,1
33634,1
33635,1
33636,1
33637,1
33638,1
33639,1
33640,1
33641,1
33642,1
33643,1
33644,1
33645,1
33646,1
33647,1
33648,1
33649,1
33650,1
33651,1
33652,1
33653,1
33654,1
33655,1
33656,1
33657,1
33658,1
33659,1
33660,1
33661,1
33662,1
33663,1
33664,1
33665,1
33666,1
33667,1
33668,1
33669,1
33670,1
33671,1
33672,1
33673,1
33674,1
33675,1
33676,1
33677,1
33678,1
33679,1
33680,1
33681,1
33682,1
33683,1
33684,1
33685,1
33686,1
33687,1
33688,1
33689,1
33690,1
33691,1
33692,1
33693,1
33694,1
33695,1
33696,1
33697,1
33698,1
33699,1
33700,1
33701,1
33702,1
33703,1
33704,1
33705,1
33706,1
33707,1
33708,1
33709,1
33710,1
33711,1
33712,1
33713,1
33714,1
33715,1
33716,1
33717,1
33718,1
33719,1
33720,1
33721,1
33722,1
33723,1
33724,1
33725,1
33726,1
33727,1
33728,1
33729,1
33730,1
33731,4
33732,1
33733,1
33734,1
33735,1
33736,1
33737,1
33738,1
33739,1
33740,1
33741,1
33742,1
33743,1
33744,1
33745,1
33746,1
33747,1
33748,1
33749,1
33750,1
33751,1
33752,1
33753,1
33754,1
33755,1
33756,1
33757,1
33758,1
33759,1
33760,1
33761,1
33762,1
33763,1
33764,1
33765,1
33766,1
33767,1
33768,1
33769,1
33770,1
33771,1
33772,1
33773,1
33774,1
33775,1
33776,1
33777,1
33778,1
33779,1
33780,1
33781,1
33782,1
33783,1
33784,1
33785,1
33786,1
33787,1
33788,1
33789,1
33790,1
33791,1
33792,1
33793,1
33794,1
33795,1
33796,1
33797,1
33798,1
33799,1
33800,1
33801,1
33802,1
33803,1
33804,1
33805,1
33806,1
33807,1
33808,1
33809,1
33810,1
33811,1
33812,4
33813,1
33814,1
33815,1
33816,1
33817,1
33818,1
33819,1
33820,1
33821,1
33822,1
33823,1
33824,1
33825,1
33826,1
33827,1
33828,1
33829,1
33830,1
33831,1
33832,1
33833,1
33834,1
33835,1
33836,1
33837,1
33838,1
33839,1
33840,1
33841,1
33842,1
33843,1
33844,1
33845,1
33846,1
33847,1
33848,1
33849,1
33850,1
33851,1
33852,1
33853,1
33854,1
33855,1
33856,1
33857,1
33858,1
33859,1
33860,1
33861,1
33862,1
33863,1
33864,1
33865,1
33866,1
33867,1
33868,1
33869,1
33870,1
33871,1
33872,1
33873,1
33874,1
33875,1
33876,1
33877,1
33878,1
33879,1
33880,1
33881,1
33882,1
33883,1
33884,1
33885,1
33886,1
33887,1
33888,1
33889,1
33890,1
33891,1
33892,1
33893,1
33894,1
33895,1
33896,1
33897,1
33898,1
33899,1
33900,11
33901,1
33902,1
33903,1
33904,1
33905,1
33906,1
33907,1
33908,1
33909,1
33910,1
33911,1
33912,1
33913,1
33914,1
33915,1
33916,1
33917,1
33918,1
33919,1
33920,1
33921,1
33922,1
33923,1
33924,1
33925,1
33926,1
33927,1
33928,1
33929,4
33930,1
33931,1
33932,1
33933,1
33934,1
33935,1
33936,1
33937,1
33938,1
33939,1
33940,1
33941,1
33942,1
33943,1
33944,1
33945,2
33946,1
33947,1
33948,1
33949,1
33950,1
33951,1
33952,1
33953,1
33954,1
33955,1
33956,1
33957,1
33958,1
33959,1
33960,1
33961,1
33962,1
33963,1
33964,1
33965,1
33966,1
33967,1
33968,1
33969,1
33970,1
33971,1
33972,1
33973,1
33974,1
33975,1
33976,1
33977,1
33978,4
33979,1
33980,1
33981,1
33982,1
33983,1
33984,1
33985,1
33986,1
33987,1
33988,1
33989,1
33990,1
33991,1
33992,1
33993,1
33994,1
33995,1
33996,1
33997,1
33998,1
33999,1
34000,1
34001,1
34002,1
34003,1
34004,1
34005,1
34006,1
34007,1
34008,1
34009,1
34010,1
34011,1
34012,1
34013,1
34014,1
34015,1
34016,1
34017,1
34018,1
34019,1
34020,1
34021,1
34022,1
34023,1
34024,1
34025,1
34026,1
34027,1
34028,1
34029,1
34030,1
34031,1
34032,1
34033,1
34034,1
34035,1
34036,1
34037,1
34038,1
34039,1
34040,1
34041,1
34042,1
34043,1
34044,1
34045,1
34046,1
34047,1
34048,1
34049,1
34050,1
34051,1
34052,1
34053,1
34054,1
34055,1
34056,1
34057,1
34058,1
34059,1
34060,1
34061,1
34062,1
34063,1
34064,1
34065,1
34066,1
34067,1
34068,1
34069,1
34070,1
34071,1
34072,1
34073,1
34074,1
34075,1
34076,1
34077,1
34078,1
34079,1
34080,1
34081,1
34082,1
34083,1
34084,1
34085,1
34086,1
34087,1
34088,1
34089,1
34090,1
34091,1
34092,1
34093,1
34094,1
34095,1
34096,1
34097,1
34098,1
34099,1
34100,1
34101,1
34102,1
34103,1
34104,1
34105,1
34106,1
34107,1
34108,1
34109,1
34110,1
34111,1
34112,1
34113,1
34114,1
34115,1
34116,1
34117,1
34118,1
34119,1
34120,1
34121,1
34122,1
34123,1
34124,1
34125,1
34126,1
34127,1
34128,1
34129,1
34130,1
34131,1
34132,1
34133,1
34134,1
34135,1
34136,1
34137,1
34138,1
34139,1
34140,1
34141,1
34142,1
34143,1
34144,1
34145,1
34146,1
34147,1
34148,1
34149,1
34150,1
34151,1
34152,1
34153,1
34154,4
34155,1
34156,1
34157,1
34158,1
34159,1
34160,1
34161,1
34162,1
34163,1
34164,1
34165,1
34166,1
34167,1
34168,1
34169,1
34170,1
34171,1
34172,1
34173,1
34174,1
34175,1
34176,1
34177,1
34178,1
34179,1
34180,1
34181,1
34182,1
34183,1
34184,1
34185,1
34186,1
34187,1
34188,1
34189,1
34190,1
34191,1
34192,1
34193,1
34194,1
34195,1
34196,1
34197,1
34198,1
34199,1
34200,1
34201,1
34202,1
34203,1
34204,1
34205,1
34206,1
34207,1
34208,1
34209,1
34210,1
34211,1
34212,1
34213,1
34214,1
34215,1
34216,1
34217,1
34218,1
34219,1
34220,1
34221,1
34222,1
34223,1
34224,1
34225,1
34226,1
34227,1
34228,1
34229,1
34230,1
34231,1
34232,1
34233,1
34234,1
34235,1
34236,1
34237,1
34238,1
34239,1
34240,1
34241,1
34242,1
34243,1
34244,1
34245,1
34246,1
34247,1
34248,1
34249,1
34250,1
34251,1
34252,1
34253,1
34254,1
34255,1
34256,1
34257,1
34258,1
34259,1
34260,1
34261,1
34262,1
34263,1
34264,1
34265,1
34266,1
34267,1
34268,1
34269,1
34270,1
34271,1
34272,1
34273,1
34274,1
34275,4
34276,1
34277,1
34278,1
34279,1
34280,1
34281,1
34282,1
34283,1
34284,1
34285,1
34286,1
34287,1
34288,1
34289,1
34290,1
34291,1
34292,1
34293,1
34294,1
34295,1
34296,1
34297,1
34298,1
34299,1
34300,1
34301,1
34302,1
34303,1
34304,1
34305,1
34306,1
34307,1
34308,1
34309,1
34310,1
34311,1
34312,1
34313,1
34314,1
34315,1
34316,1
34317,1
34318,1
34319,1
34320,1
34321,1
34322,1
34323,1
34324,1
34325,1
34326,1
34327,1
34328,1
34329,1
34330,1
34331,4
34332,1
34333,1
34334,1
34335,1
34336,1
34337,1
34338,1
34339,1
34340,1
34341,1
34342,1
34343,1
34344,1
34345,1
34346,1
34347,1
34348,1
34349,1
34350,1
34351,1
34352,1
34353,1
34354,4
34355,1
34356,1
34357,1
34358,1
34359,1
34360,1
34361,1
34362,1
34363,1
34364,1
34365,1
34366,1
34367,1
34368,1
34369,1
34370,1
34371,1
34372,1
34373,1
34374,1
34375,1
34376,1
34377,1
34378,1
34379,1
34380,1
34381,1
34382,4
34383,1
34384,1
34385,1
34386,1
34387,1
34388,1
34389,1
34390,1
34391,1
34392,1
34393,1
34394,1
34395,1
34396,1
34397,1
34398,1
34399,1
34400,1
34401,1
34402,1
34403,1
34404,1
34405,1
34406,1
34407,1
34408,1
34409,1
34410,1
34411,1
34412,1
34413,1
34414,1
34415,1
34416,1
34417,1
34418,1
34419,1
34420,1
34421,1
34422,1
34423,1
34424,1
34425,1
34426,1
34427,1
34428,1
34429,1
34430,1
34431,1
34432,1
34433,1
34434,1
34435,1
34436,1
34437,1
34438,1
34439,1
34440,1
34441,1
34442,1
34443,1
34444,1
34445,1
34446,1
34447,1
34448,1
34449,1
34450,1
34451,1
34452,1
34453,1
34454,1
34455,1
34456,1
34457,1
34458,1
34459,1
34460,1
34461,1
34462,1
34463,1
34464,1
34465,1
34466,1
34467,1
34468,1
34469,1
34470,1
34471,1
34472,1
34473,1
34474,1
34475,1
34476,1
34477,1
34478,1
34479,1
34480,1
34481,1
34482,1
34483,1
34484,1
34485,1
34486,1
34487,1
34488,1
34489,1
34490,1
34491,1
34492,1
34493,1
34494,1
34495,1
34496,1
34497,1
34498,1
34499,1
34500,1
34501,1
34502,1
34503,1
34504,1
34505,1
34506,1
34507,1
34508,1
34509,1
34510,1
34511,1
34512,1
34513,1
34514,1
34515,1
34516,1
34517,1
34518,1
34519,1
34520,1
34521,4
34522,1
34523,1
34524,1
34525,1
34526,1
34527,1
34528,1
34529,1
34530,1
34531,1
34532,1
34533,1
34534,1
34535,1
34536,1
34537,1
34538,1
34539,1
34540,1
34541,1
34542,1
34543,1
34544,1
34545,1
34546,1
34547,1
34548,1
34549,1
34550,1
34551,1
34552,1
34553,1
34554,1
34555,1
34556,1
34557,1
34558,1
34559,1
34560,1
34561,1
34562,1
34563,1
34564,1
34565,1
34566,1
34567,1
34568,1
34569,1
34570,1
34571,1
34572,1
34573,1
34574,1
34575,1
34576,1
34577,1
34578,1
34579,1
34580,1
34581,1
34582,1
34583,1
34584,1
34585,1
34586,1
34587,1
34588,1
34589,1
34590,1
34591,1
34592,1
34593,1
34594,1
34595,1
34596,1
34597,1
34598,4
34599,1
34600,1
34601,1
34602,1
34603,1
34604,1
34605,1
34606,1
34607,1
34608,1
34609,1
34610,1
34611,1
34612,1
34613,1
34614,1
34615,1
34616,1
34617,1
34618,1
34619,1
34620,1
34621,1
34622,1
34623,1
34624,1
34625,1
34626,1
34627,1
34628,1
34629,1
34630,1
34631,1
34632,1
34633,1
34634,1
34635,1
34636,1
34637,1
34638,1
34639,1
34640,1
34641,1
34642,1
34643,1
34644,1
34645,1
34646,1
34647,1
34648,1
34649,1
34650,1
34651,1
34652,1
34653,1
34654,1
34655,1
34656,1
34657,1
34658,1
34659,1
34660,1
34661,1
34662,1
34663,1
34664,1
34665,1
34666,1
34667,1
34668,1
34669,1
34670,1
34671,1
34672,1
34673,1
34674,1
34675,1
34676,1
34677,1
34678,1
34679,1
34680,1
34681,1
34682,1
34683,1
34684,1
34685,1
34686,1
34687,1
34688,1
34689,1
34690,1
34691,4
34692,1
34693,1
34694,1
34695,1
34696,1
34697,1
34698,1
34699,1
34700,1
34701,1
34702,1
34703,1
34704,1
34705,1
34706,1
34707,1
34708,1
34709,1
34710,1
34711,1
34712,1
34713,1
34714,1
34715,1
34716,1
34717,1
34718,1
34719,1
34720,1
34721,1
34722,1
34723,1
34724,1
34725,1
34726,4
34727,1
34728,1
34729,1
34730,1
34731,1
34732,1
34733,1
34734,1
34735,1
34736,1
34737,1
34738,1
34739,1
34740,1
34741,1
34742,1
34743,1
34744,1
34745,1
34746,1
34747,1
34748,1
34749,1
34750,1
34751,1
34752,1
34753,1
34754,1
34755,1
34756,1
34757,1
34758,1
34759,1
34760,1
34761,1
34762,1
34763,1
34764,1
34765,1
34766,1
34767,1
34768,1
34769,1
34770,1
34771,1
34772,1
34773,1
34774,1
34775,1
34776,1
34777,1
34778,1
34779,1
34780,1
34781,1
34782,1
34783,1
34784,1
34785,1
34786,1
34787,1
34788,1
34789,1
34790,1
34791,1
34792,1
34793,1
34794,1
34795,1
34796,1
34797,1
34798,1
34799,1
34800,1
34801,1
34802,1
34803,1
34804,1
34805,1
34806,1
34807,1
34808,1
34809,1
34810,1
34811,1
34812,1
34813,4
34814,1
34815,1
34816,1
34817,1
34818,1
34819,1
34820,1
34821,1
34822,1
34823,1
34824,1
34825,1
34826,1
34827,1
34828,1
34829,1
34830,1
34831,1
34832,1
34833,1
34834,1
34835,1
34836,1
34837,1
34838,1
34839,1
34840,1
34841,1
34842,1
34843,1
34844,1
34845,1
34846,1
34847,1
34848,1
34849,1
34850,1
34851,1
34852,1
34853,1
34854,1
34855,1
34856,1
34857,1
34858,1
34859,1
34860,1
34861,1
34862,1
34863,1
34864,1
34865,1
34866,1
34867,1
34868,1
34869,1
34870,1
34871,1
34872,1
34873,1
34874,1
34875,1
34876,1
34877,1
34878,1
34879,1
34880,1
34881,1
34882,1
34883,1
34884,1
34885,4
34886,1
34887,1
34888,1
34889,1
34890,1
34891,1
34892,1
34893,1
34894,1
34895,1
34896,1
34897,1
34898,1
34899,1
34900,1
34901,1
34902,1
34903,1
34904,1
34905,1
34906,1
34907,1
34908,1
34909,1
34910,1
34911,1
34912,1
34913,1
34914,1
34915,1
34916,1
34917,1
34918,1
34919,1
34920,1
34921,1
34922,1
34923,1
34924,1
34925,1
34926,1
34927,1
34928,1
34929,1
34930,1
34931,1
34932,1
34933,1
34934,1
34935,1
34936,1
34937,1
34938,1
34939,1
34940,1
34941,1
34942,1
34943,1
34944,1
34945,1
34946,1
34947,1
34948,1
34949,1
34950,1
34951,1
34952,1
34953,1
34954,1
34955,1
34956,1
34957,1
34958,1
34959,1
34960,1
34961,1
34962,1
34963,1
34964,1
34965,1
34966,1
34967,1
34968,1
34969,1
34970,1
34971,1
34972,1
34973,1
34974,1
34975,1
34976,1
34977,1
34978,1
34979,1
34980,1
34981,1
34982,1
34983,1
34984,1
34985,1
34986,1
34987,1
34988,1
34989,1
34990,1
34991,1
34992,1
34993,1
34994,1
34995,1
34996,1
34997,1
34998,1
34999,1
35000,1
35001,1
35002,1
35003,1
35004,1
35005,1
35006,1
35007,1
35008,1
35009,1
35010,1
35011,1
35012,1
35013,1
35014,1
35015,1
35016,1
35017,1
35018,1
35019,1
35020,1
35021,1
35022,1
35023,1
35024,1
35025,1
35026,1
35027,1
35028,1
35029,1
35030,1
35031,1
35032,1
35033,1
35034,1
35035,1
35036,1
35037,1
35038,1
35039,1
35040,1
35041,1
35042,1
35043,1
35044,1
35045,1
35046,1
35047,1
35048,1
35049,1
35050,1
35051,1
35052,1
35053,1
35054,1
35055,1
35056,1
35057,1
35058,1
35059,1
35060,1
35061,1
35062,1
35063,1
35064,1
35065,1
35066,1
35067,1
35068,1
35069,1
35070,1
35071,1
35072,1
35073,1
35074,1
35075,1
35076,1
35077,1
35078,1
35079,1
35080,4
35081,1
35082,1
35083,1
35084,1
35085,1
35086,1
35087,1
35088,1
35089,1
35090,1
35091,1
35092,1
35093,4
35094,1
35095,1
35096,1
35097,1
35098,1
35099,1
35100,1
35101,1
35102,1
35103,1
35104,1
35105,1
35106,1
35107,1
35108,1
35109,1
35110,1
35111,1
35112,1
35113,1
35114,1
35115,1
35116,1
35117,1
35118,1
35119,1
35120,1
35121,1
35122,1
35123,1
35124,1
35125,1
35126,1
35127,1
35128,1
35129,1
35130,1
35131,1
35132,1
35133,1
35134,1
35135,1
35136,1
35137,1
35138,1
35139,1
35140,1
35141,1
35142,1
35143,1
35144,1
35145,1
35146,1
35147,1
35148,1
35149,1
35150,1
35151,1
35152,1
35153,1
35154,1
35155,1
35156,1
35157,1
35158,1
35159,1
35160,1
35161,1
35162,1
35163,1
35164,1
35165,1
35166,1
35167,1
35168,1
35169,1
35170,1
35171,1
35172,4
35173,1
35174,1
35175,1
35176,1
35177,1
35178,1
35179,1
35180,1
35181,1
35182,1
35183,1
35184,1
35185,1
35186,1
35187,1
35188,1
35189,1
35190,1
35191,1
35192,1
35193,1
35194,1
35195,1
35196,1
35197,1
35198,1
35199,1
35200,1
35201,1
35202,1
35203,1
35204,1
35205,1
35206,1
35207,1
35208,1
35209,1
35210,1
35211,1
35212,1
35213,1
35214,1
35215,1
35216,1
35217,1
35218,1
35219,1
35220,4
35221,1
35222,1
35223,4
35224,1
35225,1
35226,1
35227,1
35228,1
35229,1
35230,1
35231,1
35232,1
35233,1
35234,1
35235,1
35236,1
35237,1
35238,1
35239,1
35240,1
35241,1
35242,1
35243,1
35244,1
35245,1
35246,1
35247,1
35248,1
35249,1
35250,1
35251,1
35252,1
35253,1
35254,1
35255,1
35256,1
35257,1
35258,1
35259,1
35260,1
35261,1
35262,1
35263,1
35264,1
35265,1
35266,1
35267,1
35268,1
35269,1
35270,1
35271,1
35272,1
35273,1
35274,1
35275,1
35276,1
35277,1
35278,1
35279,1
35280,1
35281,1
35282,1
35283,1
35284,1
35285,1
35286,1
35287,1
35288,1
35289,1
35290,1
35291,1
35292,1
35293,1
35294,1
35295,1
35296,1
35297,1
35298,1
35299,1
35300,1
35301,1
35302,1
35303,1
35304,1
35305,1
35306,1
35307,1
35308,1
35309,1
35310,1
35311,2
35312,1
35313,1
35314,1
35315,1
35316,1
35317,1
35318,1
35319,1
35320,1
35321,1
35322,1
35323,1
35324,1
35325,1
35326,1
35327,1
35328,1
35329,1
35330,1
35331,1
35332,1
35333,1
35334,1
35335,1
35336,1
35337,1
35338,1
35339,1
35340,1
35341,1
35342,1
35343,1
35344,1
35345,1
35346,1
35347,1
35348,1
35349,1
35350,1
35351,1
35352,1
35353,1
35354,1
35355,1
35356,1
35357,1
35358,1
35359,1
35360,1
35361,1
35362,1
35363,1
35364,1
35365,1
35366,1
35367,1
35368,1
35369,1
35370,1
35371,1
35372,1
35373,1
35374,1
35375,1
35376,1
35377,1
35378,1
35379,1
35380,1
35381,1
35382,1
35383,1
35384,1
35385,1
35386,1
35387,1
35388,1
35389,1
35390,1
35391,1
35392,1
35393,1
35394,1
35395,1
35396,1
35397,1
35398,1
35399,1
35400,1
35401,1
35402,1
35403,1
35404,1
35405,1
35406,1
35407,1
35408,1
35409,1
35410,1
35411,1
35412,1
35413,1
35414,1
35415,1
35416,1
35417,1
35418,1
35419,1
35420,1
35421,1
35422,1
35423,1
35424,1
35425,1
35426,1
35427,1
35428,1
35429,1
35430,1
35431,1
35432,1
35433,1
35434,1
35435,1
35436,1
35437,1
35438,1
35439,1
35440,1
35441,1
35442,1
35443,1
35444,1
35445,1
35446,1
35447,1
35448,1
35449,1
35450,1
35451,1
35452,1
35453,1
35454,1
35455,1
35456,1
35457,1
35458,1
35459,1
35460,1
35461,1
35462,1
35463,1
35464,1
35465,1
35466,1
35467,1
35468,1
35469,1
35470,1
35471,1
35472,1
35473,1
35474,1
35475,1
35476,1
35477,1
35478,1
35479,1
35480,1
35481,1
35482,1
35483,1
35484,1
35485,1
35486,1
35487,1
35488,1
35489,1
35490,1
35491,1
35492,1
35493,1
35494,1
35495,1
35496,1
35497,4
35498,1
35499,1
35500,1
35501,1
35502,1
35503,1
35504,1
35505,1
35506,1
35507,1
35508,1
35509,1
35510,1
35511,1
35512,1
35513,1
35514,1
35515,1
35516,1
35517,1
35518,1
35519,1
35520,1
35521,1
35522,1
35523,1
35524,1
35525,1
35526,1
35527,1
35528,1
35529,1
35530,4
35531,1
35532,1
35533,1
35534,1
35535,1
35536,1
35537,1
35538,1
35539,4
35540,1
35541,1
35542,1
35543,1
35544,1
35545,1
35546,1
35547,1
35548,1
35549,1
35550,1
35551,1
35552,1
35553,1
35554,1
35555,1
35556,1
35557,1
35558,1
35559,1
35560,1
35561,1
35562,1
35563,1
35564,1
35565,1
35566,1
35567,1
35568,1
35569,1
35570,1
35571,1
35572,1
35573,1
35574,1
35575,1
35576,1
35577,1
35578,1
35579,1
35580,1
35581,1
35582,1
35583,1
35584,1
35585,1
35586,1
35587,1
35588,1
35589,1
35590,1
35591,1
35592,1
35593,1
35594,1
35595,1
35596,1
35597,1
35598,1
35599,1
35600,1
35601,1
35602,1
35603,1
35604,1
35605,1
35606,1
35607,1
35608,1
35609,1
35610,1
35611,1
35612,1
35613,1
35614,1
35615,1
35616,1
35617,1
35618,1
35619,1
35620,1
35621,1
35622,1
35623,1
35624,1
35625,1
35626,1
35627,1
35628,1
35629,1
35630,1
35631,1
35632,1
35633,1
35634,1
35635,1
35636,1
35637,1
35638,1
35639,1
35640,1
35641,1
35642,1
35643,1
35644,1
35645,1
35646,1
35647,1
35648,1
35649,1
35650,1
35651,1
35652,1
35653,1
35654,1
35655,1
35656,1
35657,1
35658,1
35659,1
35660,1
35661,1
35662,1
35663,1
35664,1
35665,1
35666,1
35667,1
35668,1
35669,1
35670,1
35671,1
35672,1
35673,1
35674,1
35675,1
35676,1
35677,1
35678,1
35679,1
35680,1
35681,1
35682,1
35683,1
35684,1
35685,1
35686,1
35687,1
35688,1
35689,1
35690,1
35691,1
35692,1
35693,1
35694,1
35695,1
35696,1
35697,1
35698,1
35699,1
35700,1
35701,1
35702,1
35703,1
35704,1
35705,1
35706,1
35707,1
35708,1
35709,1
35710,1
35711,1
35712,1
35713,1
35714,1
35715,1
35716,1
35717,1
35718,1
35719,1
35720,1
35721,1
35722,1
35723,1
35724,1
35725,1
35726,1
35727,1
35728,1
35729,1
35730,1
35731,1
35732,1
35733,1
35734,1
35735,1
35736,1
35737,1
35738,1
35739,1
35740,1
35741,1
35742,1
35743,1
35744,1
35745,1
35746,1
35747,1
35748,1
35749,1
35750,1
35751,1
35752,1
35753,1
35754,1
35755,1
35756,1
35757,1
35758,1
35759,1
35760,1
35761,1
35762,1
35763,1
35764,1
35765,1
35766,1
35767,1
35768,1
35769,1
35770,1
35771,1
35772,1
35773,1
35774,1
35775,1
35776,1
35777,1
35778,1
35779,1
35780,1
35781,1
35782,1
35783,1
35784,1
35785,1
35786,1
35787,1
35788,1
35789,1
35790,1
35791,1
35792,1
35793,1
35794,1
35795,1
35796,1
35797,1
35798,1
35799,1
35800,1
35801,1
35802,1
35803,1
35804,1
35805,4
35806,1
35807,1
35808,1
35809,1
35810,1
35811,1
35812,1
35813,1
35814,1
35815,1
35816,1
35817,1
35818,1
35819,1
35820,1
35821,1
35822,1
35823,1
35824,1
35825,1
35826,1
35827,1
35828,1
35829,1
35830,1
35831,1
35832,1
35833,1
35834,1
35835,1
35836,1
35837,1
35838,1
35839,1
35840,1
35841,1
35842,1
35843,1
35844,1
35845,1
35846,1
35847,1
35848,1
35849,1
35850,1
35851,1
35852,1
35853,1
35854,1
35855,2
35856,1
35857,1
35858,1
35859,1
35860,1
35861,1
35862,1
35863,1
35864,1
35865,1
35866,1
35867,1
35868,1
35869,1
35870,1
35871,1
35872,1
35873,1
35874,1
35875,1
35876,1
35877,1
35878,1
35879,1
35880,1
35881,1
35882,1
35883,1
35884,1
35885,1
35886,1
35887,1
35888,1
35889,1
35890,1
35891,1
35892,1
35893,1
35894,1
35895,1
35896,1
35897,1
35898,1
35899,1
35900,1
35901,1
35902,1
35903,1
35904,1
35905,1
35906,1
35907,1
35908,1
35909,1
35910,1
35911,1
35912,1
35913,1
35914,1
35915,1
35916,1
35917,1
35918,1
35919,1
35920,1
35921,1
35922,1
35923,1
35924,1
35925,1
35926,1
35927,1
35928,1
35929,1
35930,1
35931,1
35932,1
35933,1
35934,1
35935,1
35936,1
35937,1
35938,1
35939,1
35940,1
35941,1
35942,1
35943,1
35944,1
35945,1
35946,1
35947,1
35948,1
35949,1
35950,1
35951,1
35952,1
35953,1
35954,1
35955,1
35956,1
35957,1
35958,1
35959,1
35960,4
35961,1
35962,1
35963,1
35964,1
35965,1
35966,1
35967,1
35968,1
35969,1
35970,1
35971,1
35972,1
35973,1
35974,1
35975,1
35976,1
35977,1
35978,1
35979,1
35980,1
35981,1
35982,1
35983,1
35984,1
35985,1
35986,1
35987,1
35988,1
35989,1
35990,1
35991,1
35992,1
35993,1
35994,1
35995,1
35996,1
35997,1
35998,1
35999,1
36000,1
36001,1
36002,1
36003,1
36004,1
36005,1
36006,1
36007,1
36008,1
36009,1
36010,1
36011,1
36012,1
36013,1
36014,1
36015,4
36016,1
36017,1
36018,1
36019,1
36020,11
36021,1
36022,1
36023,1
36024,1
36025,1
36026,1
36027,1
36028,1
36029,1
36030,1
36031,1
36032,1
36033,1
36034,1
36035,1
36036,1
36037,1
36038,1
36039,1
36040,1
36041,1
36042,1
36043,1
36044,1
36045,1
36046,1
36047,1
36048,1
36049,1
36050,1
36051,1
36052,1
36053,1
36054,1
36055,1
36056,1
36057,1
36058,1
36059,1
36060,1
36061,1
36062,1
36063,1
36064,1
36065,1
36066,1
36067,1
36068,1
36069,1
36070,1
36071,1
36072,1
36073,1
36074,1
36075,1
36076,1
36077,1
36078,1
36079,1
36080,1
36081,1
36082,1
36083,1
36084,1
36085,1
36086,1
36087,1
36088,1
36089,1
36090,1
36091,1
36092,1
36093,1
36094,1
36095,1
36096,1
36097,1
36098,1
36099,1
36100,1
36101,1
36102,1
36103,1
36104,1
36105,1
36106,1
36107,1
36108,1
36109,1
36110,1
36111,1
36112,1
36113,1
36114,1
36115,1
36116,1
36117,1
36118,1
36119,1
36120,1
36121,1
36122,1
36123,1
36124,1
36125,1
36126,1
36127,1
36128,1
36129,1
36130,1
36131,1
36132,1
36133,1
36134,1
36135,1
36136,1
36137,1
36138,11
36139,1
36140,1
36141,1
36142,1
36143,1
36144,1
36145,1
36146,1
36147,1
36148,1
36149,1
36150,1
36151,1
36152,1
36153,1
36154,1
36155,1
36156,1
36157,1
36158,1
36159,1
36160,1
36161,1
36162,1
36163,1
36164,1
36165,1
36166,1
36167,1
36168,1
36169,1
36170,1
36171,1
36172,1
36173,1
36174,1
36175,1
36176,1
36177,1
36178,1
36179,1
36180,1
36181,1
36182,1
36183,1
36184,1
36185,1
36186,1
36187,4
36188,1
36189,1
36190,1
36191,1
36192,1
36193,1
36194,1
36195,1
36196,1
36197,1
36198,1
36199,1
36200,1
36201,1
36202,1
36203,1
36204,1
36205,1
36206,1
36207,1
36208,1
36209,1
36210,1
36211,1
36212,1
36213,1
36214,1
36215,1
36216,1
36217,1
36218,1
36219,1
36220,1
36221,1
36222,1
36223,1
36224,1
36225,1
36226,1
36227,1
36228,1
36229,1
36230,1
36231,1
36232,1
36233,1
36234,1
36235,1
36236,1
36237,1
36238,1
36239,1
36240,1
36241,1
36242,1
36243,1
36244,1
36245,1
36246,1
36247,1
36248,1
36249,1
36250,1
36251,1
36252,1
36253,1
36254,1
36255,1
36256,1
36257,1
36258,1
36259,1
36260,1
36261,1
36262,1
36263,1
36264,1
36265,1
36266,1
36267,1
36268,1
36269,1
36270,1
36271,1
36272,1
36273,1
36274,1
36275,1
36276,1
36277,1
36278,1
36279,1
36280,1
36281,1
36282,1
36283,1
36284,1
36285,1
36286,1
36287,1
36288,1
36289,1
36290,1
36291,1
36292,1
36293,1
36294,1
36295,1
36296,1
36297,1
36298,1
36299,1
36300,1
36301,1
36302,1
36303,1
36304,1
36305,1
36306,1
36307,1
36308,1
36309,1
36310,1
36311,1
36312,1
36313,1
36314,1
36315,1
36316,1
36317,1
36318,1
36319,1
36320,1
36321,1
36322,1
36323,1
36324,1
36325,1
36326,1
36327,1
36328,1
36329,1
36330,11
36331,1
36332,1
36333,1
36334,1
36335,1
36336,1
36337,1
36338,1
36339,1
36340,1
36341,1
36342,1
36343,1
36344,1
36345,1
36346,1
36347,1
36348,1
36349,1
36350,1
36351,1
36352,1
36353,1
36354,1
36355,1
36356,1
36357,1
36358,1
36359,1
36360,1
36361,1
36362,1
36363,1
36364,1
36365,1
36366,1
36367,1
36368,1
36369,1
36370,1
36371,1
36372,1
36373,1
36374,1
36375,1
36376,1
36377,1
36378,1
36379,1
36380,1
36381,1
36382,1
36383,1
36384,1
36385,1
36386,1
36387,1
36388,1
36389,1
36390,1
36391,1
36392,1
36393,1
36394,1
36395,1
36396,1
36397,1
36398,1
36399,1
36400,1
36401,1
36402,1
36403,1
36404,1
36405,1
36406,1
36407,1
36408,1
36409,1
36410,1
36411,1
36412,1
36413,1
36414,1
36415,1
36416,1
36417,1
36418,1
36419,1
36420,1
36421,1
36422,1
36423,1
36424,1
36425,1
36426,1
36427,1
36428,1
36429,1
36430,1
36431,1
36432,1
36433,1
36434,1
36435,1
36436,1
36437,1
36438,1
36439,1
36440,4
36441,1
36442,1
36443,1
36444,1
36445,1
36446,1
36447,1
36448,1
36449,1
36450,1
36451,1
36452,1
36453,1
36454,1
36455,1
36456,1
36457,1
36458,1
36459,1
36460,1
36461,1
36462,1
36463,1
36464,1
36465,1
36466,1
36467,1
36468,1
36469,1
36470,1
36471,1
36472,1
36473,1
36474,1
36475,1
36476,1
36477,1
36478,1
36479,1
36480,1
36481,1
36482,1
36483,1
36484,1
36485,1
36486,1
36487,1
36488,1
36489,1
36490,1
36491,1
36492,1
36493,1
36494,1
36495,1
36496,1
36497,1
36498,1
36499,1
36500,1
36501,1
36502,1
36503,1
36504,1
36505,1
36506,1
36507,1
36508,1
36509,1
36510,1
36511,1
36512,1
36513,1
36514,1
36515,1
36516,1
36517,1
36518,1
36519,1
36520,1
36521,1
36522,1
36523,1
36524,1
36525,1
36526,1
36527,1
36528,1
36529,1
36530,1
36531,1
36532,1
36533,1
36534,1
36535,1
36536,1
36537,1
36538,1
36539,1
36540,1
36541,1
36542,1
36543,1
36544,1
36545,1
36546,1
36547,1
36548,1
36549,1
36550,1
36551,1
36552,1
36553,1
36554,4
36555,1
36556,1
36557,1
36558,1
36559,1
36560,1
36561,1
36562,1
36563,1
36564,1
36565,1
36566,1
36567,1
36568,1
36569,1
36570,1
36571,1
36572,1
36573,1
36574,1
36575,1
36576,1
36577,1
36578,1
36579,1
36580,1
36581,1
36582,1
36583,1
36584,1
36585,1
36586,1
36587,1
36588,1
36589,1
36590,1
36591,1
36592,1
36593,1
36594,1
36595,1
36596,1
36597,1
36598,1
36599,1
36600,1
36601,1
36602,1
36603,1
36604,1
36605,1
36606,1
36607,1
36608,1
36609,1
36610,1
36611,1
36612,1
36613,1
36614,1
36615,1
36616,1
36617,1
36618,1
36619,1
36620,1
36621,1
36622,1
36623,1
36624,1
36625,1
36626,1
36627,1
36628,1
36629,1
36630,1
36631,1
36632,1
36633,1
36634,1
36635,1
36636,1
36637,1
36638,1
36639,1
36640,1
36641,1
36642,1
36643,1
36644,1
36645,1
36646,1
36647,1
36648,1
36649,1
36650,1
36651,1
36652,1
36653,1
36654,1
36655,1
36656,1
36657,1
36658,1
36659,1
36660,1
36661,1
36662,1
36663,1
36664,1
36665,1
36666,1
36667,1
36668,1
36669,1
36670,1
36671,1
36672,1
36673,1
36674,1
36675,1
36676,1
36677,1
36678,1
36679,1
36680,1
36681,1
36682,1
36683,1
36684,1
36685,1
36686,1
36687,1
36688,1
36689,1
36690,1
36691,1
36692,1
36693,1
36694,1
36695,1
36696,1
36697,1
36698,1
36699,1
36700,1
36701,1
36702,1
36703,1
36704,1
36705,1
36706,1
36707,1
36708,1
36709,1
36710,1
36711,1
36712,1
36713,1
36714,1
36715,1
36716,1
36717,1
36718,1
36719,1
36720,1
36721,1
36722,1
36723,1
36724,1
36725,1
36726,1
36727,1
36728,1
36729,1
36730,1
36731,4
36732,1
36733,1
36734,1
36735,1
36736,1
36737,1
36738,1
36739,1
36740,1
36741,1
36742,1
36743,1
36744,1
36745,1
36746,1
36747,1
36748,1
36749,1
36750,1
36751,1
36752,1
36753,1
36754,1
36755,1
36756,1
36757,1
36758,1
36759,1
36760,1
36761,1
36762,1
36763,1
36764,1
36765,1
36766,1
36767,1
36768,1
36769,1
36770,1
36771,1
36772,1
36773,1
36774,1
36775,1
36776,1
36777,1
36778,1
36779,1
36780,1
36781,1
36782,1
36783,1
36784,1
36785,1
36786,1
36787,1
36788,1
36789,1
36790,1
36791,1
36792,1
36793,1
36794,1
36795,1
36796,1
36797,1
36798,1
36799,1
36800,1
36801,1
36802,1
36803,1
36804,1
36805,1
36806,1
36807,1
36808,1
36809,1
36810,1
36811,1
36812,1
36813,1
36814,1
36815,1
36816,1
36817,1
36818,1
36819,1
36820,1
36821,1
36822,1
36823,1
36824,1
36825,1
36826,1
36827,1
36828,1
36829,1
36830,1
36831,1
36832,1
36833,1
36834,1
36835,1
36836,1
36837,1
36838,1
36839,1
36840,1
36841,1
36842,1
36843,1
36844,1
36845,1
36846,1
36847,1
36848,1
36849,1
36850,1
36851,1
36852,1
36853,1
36854,1
36855,1
36856,1
36857,1
36858,1
36859,1
36860,1
36861,1
36862,1
36863,1
36864,1
36865,1
36866,1
36867,1
36868,1
36869,1
36870,1
36871,1
36872,1
36873,1
36874,1
36875,1
36876,1
36877,1
36878,1
36879,1
36880,1
36881,1
36882,1
36883,1
36884,1
36885,1
36886,1
36887,1
36888,1
36889,1
36890,1
36891,1
36892,1
36893,1
36894,1
36895,1
36896,1
36897,1
36898,1
36899,1
36900,1
36901,1
36902,1
36903,1
36904,1
36905,1
36906,1
36907,1
36908,1
36909,1
36910,1
36911,1
36912,1
36913,1
36914,1
36915,1
36916,1
36917,1
36918,1
36919,1
36920,1
36921,1
36922,1
36923,1
36924,1
36925,1
36926,1
36927,1
36928,1
36929,1
36930,1
36931,1
36932,1
36933,1
36934,1
36935,1
36936,1
36937,1
36938,1
36939,1
36940,1
36941,1
36942,1
36943,1
36944,1
36945,1
36946,1
36947,1
36948,1
36949,1
36950,1
36951,1
36952,1
36953,1
36954,1
36955,1
36956,1
36957,1
36958,1
36959,1
36960,1
36961,1
36962,1
36963,1
36964,1
36965,1
36966,1
36967,1
36968,1
36969,1
36970,1
36971,1
36972,1
36973,1
36974,1
36975,1
36976,1
36977,1
36978,1
36979,1
36980,1
36981,1
36982,1
36983,1
36984,1
36985,1
36986,1
36987,1
36988,1
36989,1
36990,1
36991,1
36992,1
36993,1
36994,1
36995,1
36996,1
36997,1
36998,1
36999,1
37000,1
37001,1
37002,1
37003,1
37004,1
37005,1
37006,1
37007,1
37008,1
37009,1
37010,1
37011,1
37012,1
37013,1
37014,1
37015,1
37016,1
37017,1
37018,1
37019,1
37020,1
37021,1
37022,1
37023,1
37024,1
37025,1
37026,1
37027,1
37028,1
37029,1
37030,1
37031,1
37032,1
37033,1
37034,1
37035,1
37036,1
37037,1
37038,1
37039,1
37040,1
37041,1
37042,1
37043,1
37044,1
37045,1
37046,1
37047,1
37048,1
37049,1
37050,1
37051,1
37052,1
37053,1
37054,1
37055,1
37056,1
37057,1
37058,1
37059,1
37060,1
37061,1
37062,1
37063,1
37064,1
37065,1
37066,1
37067,1
37068,1
37069,1
37070,1
37071,1
37072,1
37073,1
37074,1
37075,1
37076,1
37077,1
37078,1
37079,1
37080,1
37081,1
37082,1
37083,1
37084,1
37085,1
37086,1
37087,1
37088,1
37089,1
37090,1
37091,1
37092,1
37093,1
37094,1
37095,1
37096,1
37097,1
37098,1
37099,1
37100,1
37101,1
37102,1
37103,1
37104,1
37105,1
37106,1
37107,1
37108,1
37109,1
37110,1
37111,1
37112,1
37113,1
37114,1
37115,1
37116,1
37117,1
37118,1
37119,1
37120,1
37121,1
37122,1
37123,1
37124,1
37125,1
37126,1
37127,1
37128,1
37129,1
37130,1
37131,1
37132,1
37133,1
37134,1
37135,1
37136,1
37137,1
37138,1
37139,1
37140,1
37141,1
37142,1
37143,1
37144,1
37145,1
37146,1
37147,1
37148,1
37149,1
37150,1
37151,1
37152,1
37153,1
37154,1
37155,1
37156,1
37157,1
37158,1
37159,1
37160,1
37161,1
37162,1
37163,1
37164,1
37165,1
37166,1
37167,1
37168,1
37169,1
37170,4
37171,1
37172,1
37173,1
37174,1
37175,1
37176,1
37177,1
37178,1
37179,1
37180,1
37181,1
37182,1
37183,1
37184,1
37185,1
37186,1
37187,1
37188,1
37189,1
37190,1
37191,1
37192,1
37193,1
37194,1
37195,1
37196,1
37197,1
37198,1
37199,1
37200,1
37201,1
37202,1
37203,1
37204,1
37205,1
37206,1
37207,1
37208,1
37209,1
37210,1
37211,1
37212,1
37213,1
37214,1
37215,1
37216,1
37217,1
37218,1
37219,1
37220,1
37221,1
37222,4
37223,1
37224,1
37225,1
37226,1
37227,1
37228,1
37229,1
37230,1
37231,1
37232,1
37233,1
37234,1
37235,1
37236,1
37237,1
37238,1
37239,1
37240,1
37241,1
37242,1
37243,1
37244,1
37245,1
37246,1
37247,1
37248,1
37249,1
37250,1
37251,1
37252,1
37253,1
37254,1
37255,1
37256,1
37257,1
37258,1
37259,1
37260,1
37261,1
37262,1
37263,1
37264,1
37265,1
37266,1
37267,1
37268,1
37269,1
37270,1
37271,1
37272,1
37273,1
37274,1
37275,1
37276,1
37277,4
37278,1
37279,1
37280,1
37281,1
37282,1
37283,1
37284,1
37285,1
37286,1
37287,1
37288,1
37289,1
37290,1
37291,1
37292,1
37293,1
37294,1
37295,1
37296,1
37297,1
37298,1
37299,1
37300,1
37301,1
37302,1
37303,1
37304,1
37305,1
37306,1
37307,1
37308,1
37309,1
37310,1
37311,1
37312,1
37313,1
37314,1
37315,1
37316,1
37317,1
37318,1
37319,1
37320,1
37321,1
37322,1
37323,1
37324,1
37325,1
37326,1
37327,1
37328,1
37329,1
37330,1
37331,1
37332,1
37333,1
37334,1
37335,1
37336,1
37337,1
37338,1
37339,1
37340,1
37341,1
37342,1
37343,1
37344,1
37345,1
37346,1
37347,1
37348,1
37349,1
37350,1
37351,1
37352,1
37353,1
37354,1
37355,1
37356,1
37357,1
37358,1
37359,1
37360,1
37361,1
37362,1
37363,1
37364,1
37365,1
37366,1
37367,1
37368,1
37369,1
37370,1
37371,1
37372,1
37373,1
37374,1
37375,1
37376,1
37377,1
37378,1
37379,1
37380,1
37381,1
37382,1
37383,1
37384,1
37385,1
37386,1
37387,1
37388,1
37389,1
37390,1
37391,1
37392,1
37393,1
37394,1
37395,1
37396,1
37397,1
37398,1
37399,1
37400,1
37401,1
37402,1
37403,1
37404,1
37405,1
37406,1
37407,1
37408,1
37409,1
37410,1
37411,1
37412,1
37413,1
37414,1
37415,1
37416,1
37417,1
37418,1
37419,1
37420,1
37421,1
37422,1
37423,1
37424,1
37425,7
37426,1
37427,1
37428,1
37429,1
37430,1
37431,1
37432,1
37433,1
37434,1
37435,1
37436,1
37437,1
37438,4
37439,1
37440,1
37441,1
37442,1
37443,1
37444,1
37445,1
37446,1
37447,1
37448,1
37449,1
37450,1
37451,1
37452,1
37453,1
37454,1
37455,1
37456,4
37457,1
37458,1
37459,1
37460,11
37461,1
37462,1
37463,1
37464,1
37465,1
37466,1
37467,1
37468,1
37469,1
37470,1
37471,1
37472,1
37473,1
37474,1
37475,1
37476,1
37477,1
37478,1
37479,1
37480,1
37481,1
37482,1
37483,1
37484,1
37485,1
37486,1
37487,1
37488,1
37489,1
37490,1
37491,1
37492,1
37493,1
37494,1
37495,1
37496,1
37497,1
37498,1
37499,1
37500,1
37501,1
37502,1
37503,1
37504,1
37505,1
37506,1
37507,1
37508,1
37509,1
37510,1
37511,1
37512,1
37513,1
37514,1
37515,1
37516,1
37517,1
37518,1
37519,1
37520,1
37521,1
37522,1
37523,1
37524,1
37525,1
37526,1
37527,1
37528,1
37529,1
37530,1
37531,1
37532,1
37533,1
37534,1
37535,1
37536,1
37537,1
37538,1
37539,1
37540,1
37541,1
37542,1
37543,1
37544,1
37545,1
37546,1
37547,1
37548,1
37549,1
37550,1
37551,1
37552,1
37553,1
37554,1
37555,1
37556,1
37557,1
37558,1
37559,1
37560,1
37561,1
37562,1
37563,1
37564,1
37565,1
37566,1
37567,1
37568,1
37569,1
37570,1
37571,1
37572,1
37573,1
37574,1
37575,1
37576,1
37577,1
37578,1
37579,1
37580,1
37581,1
37582,1
37583,1
37584,1
37585,1
37586,1
37587,1
37588,1
37589,1
37590,1
37591,1
37592,1
37593,1
37594,1
37595,1
37596,1
37597,1
37598,1
37599,1
37600,1
37601,1
37602,1
37603,1
37604,1
37605,1
37606,1
37607,1
37608,1
37609,1
37610,1
37611,1
37612,1
37613,1
37614,1
37615,1
37616,1
37617,1
37618,1
37619,1
37620,1
37621,1
37622,1
37623,1
37624,1
37625,1
37626,1
37627,1
37628,1
37629,1
37630,1
37631,1
37632,1
37633,1
37634,1
37635,1
37636,1
37637,1
37638,1
37639,1
37640,1
37641,1
37642,1
37643,1
37644,1
37645,1
37646,1
37647,1
37648,1
37649,1
37650,1
37651,1
37652,1
37653,1
37654,1
37655,1
37656,1
37657,1
37658,1
37659,1
37660,1
37661,1
37662,1
37663,1
37664,4
37665,1
37666,1
37667,1
37668,1
37669,1
37670,1
37671,1
37672,1
37673,1
37674,1
37675,1
37676,1
37677,4
37678,1
37679,1
37680,1
37681,1
37682,1
37683,4
37684,1
37685,1
37686,1
37687,1
37688,1
37689,1
37690,1
37691,1
37692,1
37693,1
37694,1
37695,1
37696,1
37697,1
37698,1
37699,1
37700,1
37701,1
37702,1
37703,1
37704,1
37705,1
37706,1
37707,1
37708,1
37709,1
37710,1
37711,1
37712,1
37713,1
37714,1
37715,1
37716,1
37717,1
37718,1
37719,1
37720,1
37721,1
37722,1
37723,1
37724,1
37725,1
37726,1
37727,1
37728,1
37729,1
37730,1
37731,1
37732,1
37733,1
37734,1
37735,1
37736,1
37737,1
37738,1
37739,1
37740,1
37741,1
37742,1
37743,1
37744,1
37745,1
37746,1
37747,1
37748,1
37749,1
37750,1
37751,1
37752,1
37753,1
37754,1
37755,1
37756,1
37757,1
37758,1
37759,1
37760,1
37761,1
37762,1
37763,1
37764,1
37765,1
37766,1
37767,1
37768,1
37769,1
37770,1
37771,1
37772,1
37773,1
37774,1
37775,1
37776,1
37777,1
37778,1
37779,1
37780,1
37781,1
37782,1
37783,1
37784,1
37785,1
37786,1
37787,1
37788,1
37789,1
37790,1
37791,1
37792,1
37793,1
37794,1
37795,1
37796,1
37797,1
37798,1
37799,1
37800,1
37801,1
37802,1
37803,1
37804,1
37805,1
37806,1
37807,1
37808,1
37809,1
37810,1
37811,1
37812,1
37813,1
37814,1
37815,1
37816,1
37817,1
37818,1
37819,1
37820,1
37821,1
37822,1
37823,1
37824,1
37825,1
37826,4
37827,1
37828,1
37829,1
37830,1
37831,1
37832,1
37833,1
37834,1
37835,1
37836,1
37837,1
37838,1
37839,1
37840,1
37841,1
37842,1
37843,1
37844,1
37845,1
37846,1
37847,1
37848,1
37849,1
37850,1
37851,1
37852,1
37853,1
37854,1
37855,1
37856,1
37857,1
37858,1
37859,1
37860,1
37861,1
37862,1
37863,1
37864,1
37865,1
37866,1
37867,1
37868,1
37869,1
37870,1
37871,1
37872,1
37873,1
37874,1
37875,1
37876,1
37877,1
37878,1
37879,1
37880,1
37881,1
37882,1
37883,1
37884,1
37885,1
37886,1
37887,1
37888,1
37889,1
37890,1
37891,1
37892,1
37893,1
37894,1
37895,1
37896,1
37897,1
37898,1
37899,1
37900,1
37901,1
37902,1
37903,1
37904,1
37905,1
37906,1
37907,1
37908,1
37909,1
37910,1
37911,1
37912,1
37913,23
37914,1
37915,1
37916,1
37917,1
37918,1
37919,1
37920,1
37921,1
37922,1
37923,1
37924,1
37925,1
37926,1
37927,1
37928,1
37929,1
37930,1
37931,1
37932,1
37933,1
37934,1
37935,1
37936,1
37937,1
37938,1
37939,1
37940,1
37941,1
37942,1
37943,1
37944,1
37945,1
37946,1
37947,1
37948,1
37949,1
37950,1
37951,1
37952,1
37953,1
37954,1
37955,1
37956,1
37957,1
37958,1
37959,1
37960,1
37961,1
37962,1
37963,1
37964,1
37965,1
37966,1
37967,1
37968,1
37969,1
37970,1
37971,1
37972,1
37973,1
37974,4
37975,1
37976,1
37977,1
37978,1
37979,1
37980,1
37981,1
37982,1
37983,1
37984,1
37985,1
37986,1
37987,1
37988,1
37989,1
37990,1
37991,1
37992,1
37993,1
37994,1
37995,1
37996,1
37997,1
37998,1
37999,1
38000,1
38001,1
38002,1
38003,1
38004,1
38005,1
38006,1
38007,1
38008,1
38009,1
38010,1
38011,1
38012,1
38013,1
38014,1
38015,1
38016,1
38017,1
38018,1
38019,1
38020,1
38021,1
38022,1
38023,1
38024,1
38025,1
38026,1
38027,1
38028,1
38029,1
38030,1
38031,1
38032,1
38033,1
38034,1
38035,1
38036,1
38037,1
38038,1
38039,1
38040,1
38041,1
38042,1
38043,1
38044,1
38045,1
38046,1
38047,1
38048,1
38049,1
38050,1
38051,1
38052,1
38053,1
38054,1
38055,1
38056,1
38057,1
38058,1
38059,1
38060,1
38061,1
38062,1
38063,1
38064,1
38065,1
38066,1
38067,1
38068,1
38069,1
38070,1
38071,1
38072,1
38073,1
38074,4
38075,1
38076,1
38077,1
38078,1
38079,1
38080,1
38081,1
38082,1
38083,1
38084,1
38085,1
38086,1
38087,1
38088,1
38089,1
38090,1
38091,1
38092,1
38093,1
38094,1
38095,1
38096,1
38097,1
38098,1
38099,1
38100,1
38101,1
38102,1
38103,1
38104,1
38105,1
38106,1
38107,1
38108,1
38109,1
38110,1
38111,1
38112,1
38113,4
38114,1
38115,1
38116,1
38117,1
38118,1
38119,1
38120,1
38121,1
38122,1
38123,1
38124,1
38125,1
38126,1
38127,1
38128,1
38129,1
38130,1
38131,1
38132,1
38133,1
38134,1
38135,1
38136,1
38137,1
38138,1
38139,1
38140,1
38141,1
38142,1
38143,1
38144,1
38145,1
38146,1
38147,1
38148,1
38149,1
38150,1
38151,1
38152,1
38153,1
38154,1
38155,1
38156,1
38157,1
38158,1
38159,1
38160,1
38161,1
38162,1
38163,1
38164,1
38165,1
38166,1
38167,1
38168,1
38169,1
38170,1
38171,1
38172,1
38173,1
38174,1
38175,1
38176,1
38177,1
38178,1
38179,1
38180,1
38181,1
38182,1
38183,1
38184,1
38185,1
38186,4
38187,1
38188,1
38189,1
38190,1
38191,1
38192,1
38193,1
38194,1
38195,1
38196,1
38197,1
38198,1
38199,1
38200,1
38201,1
38202,1
38203,1
38204,1
38205,1
38206,1
38207,1
38208,1
38209,1
38210,1
38211,1
38212,1
38213,1
38214,1
38215,1
38216,1
38217,1
38218,1
38219,1
38220,1
38221,1
38222,1
38223,1
38224,1
38225,1
38226,1
38227,1
38228,1
38229,1
38230,1
38231,1
38232,1
38233,1
38234,1
38235,1
38236,1
38237,1
38238,1
38239,1
38240,1
38241,1
38242,1
38243,1
38244,1
38245,1
38246,1
38247,1
38248,1
38249,1
38250,4
38251,1
38252,1
38253,1
38254,1
38255,1
38256,1
38257,1
38258,1
38259,1
38260,1
38261,1
38262,1
38263,1
38264,1
38265,1
38266,1
38267,4
38268,1
38269,1
38270,1
38271,1
38272,1
38273,1
38274,1
38275,1
38276,1
38277,1
38278,1
38279,1
38280,1
38281,1
38282,1
38283,1
38284,1
38285,1
38286,1
38287,1
38288,1
38289,1
38290,1
38291,1
38292,1
38293,1
38294,1
38295,1
38296,1
38297,1
38298,1
38299,1
38300,1
38301,1
38302,1
38303,1
38304,1
38305,1
38306,1
38307,1
38308,1
38309,1
38310,1
38311,1
38312,1
38313,1
38314,1
38315,1
38316,1
38317,1
38318,1
38319,1
38320,1
38321,1
38322,1
38323,1
38324,1
38325,1
38326,1
38327,1
38328,1
38329,1
38330,1
38331,1
38332,1
38333,1
38334,1
38335,1
38336,1
38337,1
38338,1
38339,1
38340,1
38341,1
38342,1
38343,1
38344,1
38345,1
38346,1
38347,1
38348,1
38349,1
38350,1
38351,1
38352,1
38353,1
38354,1
38355,1
38356,1
38357,1
38358,1
38359,1
38360,1
38361,1
38362,1
38363,1
38364,1
38365,1
38366,1
38367,1
38368,1
38369,1
38370,1
38371,1
38372,1
38373,1
38374,1
38375,1
38376,1
38377,1
38378,1
38379,1
38380,1
38381,1
38382,1
38383,1
38384,1
38385,1
38386,1
38387,1
38388,1
38389,1
38390,1
38391,1
38392,1
38393,1
38394,1
38395,1
38396,1
38397,1
38398,1
38399,1
38400,1
38401,1
38402,1
38403,1
38404,1
38405,1
38406,1
38407,1
38408,1
38409,1
38410,1
38411,1
38412,1
38413,1
38414,1
38415,1
38416,1
38417,1
38418,1
38419,1
38420,1
38421,1
38422,1
38423,1
38424,1
38425,1
38426,1
38427,1
38428,1
38429,1
38430,1
38431,1
38432,1
38433,1
38434,1
38435,1
38436,1
38437,1
38438,1
38439,1
38440,1
38441,1
38442,1
38443,1
38444,1
38445,1
38446,1
38447,1
38448,1
38449,1
38450,1
38451,1
38452,1
38453,1
38454,1
38455,1
38456,1
38457,1
38458,1
38459,1
38460,1
38461,1
38462,1
38463,1
38464,1
38465,1
38466,1
38467,1
38468,1
38469,1
38470,1
38471,1
38472,1
38473,1
38474,1
38475,1
38476,1
38477,1
38478,1
38479,1
38480,1
38481,1
38482,1
38483,1
38484,4
38485,1
38486,1
38487,1
38488,1
38489,1
38490,1
38491,1
38492,1
38493,1
38494,1
38495,1
38496,1
38497,1
38498,1
38499,1
38500,1
38501,1
38502,1
38503,1
38504,1
38505,1
38506,1
38507,1
38508,1
38509,1
38510,1
38511,1
38512,1
38513,1
38514,1
38515,1
38516,1
38517,1
38518,1
38519,1
38520,1
38521,1
38522,1
38523,1
38524,1
38525,1
38526,1
38527,1
38528,1
38529,1
38530,1
38531,1
38532,1
38533,1
38534,1
38535,1
38536,1
38537,1
38538,1
38539,1
38540,1
38541,1
38542,1
38543,1
38544,1
38545,1
38546,1
38547,1
38548,1
38549,1
38550,1
38551,1
38552,1
38553,4
38554,1
38555,1
38556,1
38557,1
38558,1
38559,1
38560,1
38561,1
38562,1
38563,1
38564,1
38565,1
38566,1
38567,1
38568,1
38569,1
38570,1
38571,1
38572,1
38573,1
38574,1
38575,1
38576,1
38577,1
38578,1
38579,1
38580,1
38581,1
38582,1
38583,1
38584,1
38585,1
38586,1
38587,1
38588,1
38589,1
38590,1
38591,1
38592,1
38593,1
38594,1
38595,1
38596,1
38597,1
38598,1
38599,1
38600,1
38601,1
38602,1
38603,1
38604,1
38605,1
38606,1
38607,1
38608,1
38609,1
38610,1
38611,1
38612,1
38613,1
38614,1
38615,1
38616,1
38617,1
38618,1
38619,1
38620,1
38621,1
38622,1
38623,1
38624,1
38625,1
38626,1
38627,1
38628,1
38629,1
38630,1
38631,1
38632,1
38633,1
38634,1
38635,1
38636,1
38637,1
38638,1
38639,1
38640,1
38641,1
38642,1
38643,1
38644,1
38645,1
38646,1
38647,1
38648,1
38649,1
38650,1
38651,1
38652,1
38653,1
38654,1
38655,1
38656,1
38657,1
38658,1
38659,1
38660,1
38661,1
38662,1
38663,1
38664,1
38665,1
38666,1
38667,1
38668,1
38669,1
38670,1
38671,1
38672,1
38673,1
38674,1
38675,1
38676,1
38677,1
38678,1
38679,1
38680,1
38681,1
38682,1
38683,1
38684,1
38685,1
38686,1
38687,1
38688,1
38689,1
38690,1
38691,1
38692,1
38693,1
38694,1
38695,1
38696,1
38697,1
38698,1
38699,1
38700,1
38701,1
38702,1
38703,1
38704,1
38705,1
38706,1
38707,1
38708,1
38709,1
38710,1
38711,1
38712,1
38713,1
38714,1
38715,1
38716,1
38717,1
38718,1
38719,1
38720,1
38721,1
38722,1
38723,1
38724,1
38725,1
38726,1
38727,1
38728,1
38729,1
38730,1
38731,1
38732,1
38733,1
38734,1
38735,1
38736,1
38737,1
38738,1
38739,1
38740,1
38741,1
38742,1
38743,1
38744,1
38745,1
38746,1
38747,1
38748,1
38749,1
38750,1
38751,1
38752,1
38753,1
38754,1
38755,1
38756,1
38757,1
38758,1
38759,1
38760,1
38761,1
38762,1
38763,1
38764,1
38765,1
38766,1
38767,1
38768,1
38769,1
38770,1
38771,1
38772,1
38773,1
38774,1
38775,1
38776,1
38777,1
38778,1
38779,1
38780,1
38781,1
38782,1
38783,1
38784,1
38785,1
38786,1
38787,1
38788,1
38789,1
38790,1
38791,1
38792,1
38793,1
38794,1
38795,1
38796,1
38797,1
38798,1
38799,1
38800,1
38801,1
38802,1
38803,1
38804,1
38805,1
38806,1
38807,1
38808,1
38809,1
38810,1
38811,1
38812,1
38813,1
38814,1
38815,1
38816,1
38817,1
38818,1
38819,1
38820,1
38821,1
38822,1
38823,1
38824,1
38825,1
38826,1
38827,1
38828,1
38829,1
38830,1
38831,1
38832,1
38833,1
38834,1
38835,1
38836,1
38837,1
38838,1
38839,1
38840,1
38841,1
38842,1
38843,1
38844,1
38845,1
38846,1
38847,1
38848,1
38849,1
38850,1
38851,1
38852,1
38853,1
38854,1
38855,1
38856,1
38857,1
38858,1
38859,1
38860,1
38861,1
38862,1
38863,1
38864,1
38865,1
38866,1
38867,1
38868,1
38869,1
38870,1
38871,1
38872,1
38873,1
38874,1
38875,1
38876,1
38877,1
38878,1
38879,1
38880,1
38881,1
38882,1
38883,1
38884,1
38885,1
38886,1
38887,1
38888,1
38889,1
38890,1
38891,1
38892,1
38893,1
38894,1
38895,1
38896,1
38897,1
38898,1
38899,1
38900,1
38901,1
38902,1
38903,1
38904,1
38905,1
38906,1
38907,1
38908,1
38909,1
38910,1
38911,1
38912,1
38913,1
38914,1
38915,1
38916,1
38917,1
38918,1
38919,1
38920,1
38921,1
38922,1
38923,1
38924,1
38925,1
38926,1
38927,1
38928,1
38929,1
38930,1
38931,1
38932,1
38933,1
38934,1
38935,1
38936,1
38937,1
38938,1
38939,1
38940,1
38941,1
38942,1
38943,1
38944,1
38945,1
38946,1
38947,1
38948,1
38949,1
38950,1
38951,1
38952,1
38953,1
38954,1
38955,1
38956,1
38957,1
38958,1
38959,1
38960,1
38961,1
38962,1
38963,1
38964,1
38965,1
38966,1
38967,1
38968,1
38969,1
38970,1
38971,1
38972,1
38973,1
38974,1
38975,1
38976,1
38977,1
38978,1
38979,1
38980,1
38981,1
38982,1
38983,1
38984,1
38985,1
38986,1
38987,1
38988,1
38989,1
38990,1
38991,1
38992,1
38993,1
38994,1
38995,1
38996,1
38997,1
38998,1
38999,1
39000,1
39001,1
39002,1
39003,1
39004,1
39005,1
39006,1
39007,1
39008,1
39009,1
39010,1
39011,1
39012,1
39013,1
39014,1
39015,1
39016,1
39017,1
39018,1
39019,1
39020,1
39021,1
39022,1
39023,1
39024,1
39025,1
39026,1
39027,1
39028,1
39029,1
39030,1
39031,1
39032,1
39033,1
39034,1
39035,1
39036,1
39037,1
39038,1
39039,1
39040,1
39041,1
39042,1
39043,1
39044,1
39045,1
39046,1
39047,1
39048,1
39049,1
39050,1
39051,1
39052,1
39053,1
39054,1
39055,1
39056,1
39057,1
39058,1
39059,1
39060,1
39061,1
39062,1
39063,1
39064,1
39065,1
39066,1
39067,1
39068,1
39069,1
39070,1
39071,1
39072,1
39073,1
39074,1
39075,1
39076,1
39077,1
39078,1
39079,11
39080,1
39081,1
39082,1
39083,1
39084,1
39085,1
39086,1
39087,1
39088,1
39089,1
39090,1
39091,1
39092,1
39093,1
39094,1
39095,1
39096,1
39097,1
39098,1
39099,1
39100,1
39101,1
39102,1
39103,1
39104,1
39105,1
39106,1
39107,1
39108,1
39109,1
39110,1
39111,1
39112,1
39113,1
39114,1
39115,1
39116,1
39117,1
39118,1
39119,1
39120,1
39121,1
39122,1
39123,1
39124,1
39125,1
39126,1
39127,1
39128,1
39129,1
39130,1
39131,1
39132,1
39133,1
39134,1
39135,1
39136,1
39137,1
39138,1
39139,1
39140,1
39141,1
39142,1
39143,1
39144,1
39145,1
39146,1
39147,1
39148,1
39149,1
39150,1
39151,1
39152,1
39153,1
39154,1
39155,1
39156,1
39157,1
39158,1
39159,1
39160,1
39161,1
39162,1
39163,1
39164,1
39165,1
39166,1
39167,1
39168,1
39169,1
39170,1
39171,1
39172,1
39173,1
39174,1
39175,1
39176,1
39177,1
39178,1
39179,1
39180,1
39181,1
39182,1
39183,1
39184,1
39185,1
39186,1
39187,1
39188,1
39189,1
39190,1
39191,1
39192,1
39193,1
39194,1
39195,1
39196,1
39197,1
39198,1
39199,1
39200,1
39201,1
39202,1
39203,1
39204,1
39205,1
39206,1
39207,1
39208,1
39209,1
39210,1
39211,1
39212,1
39213,1
39214,1
39215,1
39216,1
39217,1
39218,1
39219,1
39220,1
39221,1
39222,1
39223,1
39224,1
39225,1
39226,1
39227,1
39228,1
39229,1
39230,1
39231,1
39232,1
39233,1
39234,1
39235,1
39236,1
39237,1
39238,1
39239,1
39240,1
39241,1
39242,1
39243,1
39244,1
39245,1
39246,1
39247,1
39248,1
39249,1
39250,1
39251,1
39252,1
39253,1
39254,1
39255,1
39256,1
39257,1
39258,1
39259,8
39260,1
39261,1
39262,1
39263,1
39264,1
39265,1
39266,1
39267,1
39268,1
39269,1
39270,1
39271,1
39272,1
39273,1
39274,1
39275,1
39276,1
39277,1
39278,1
39279,1
39280,1
39281,1
39282,1
39283,1
39284,1
39285,1
39286,1
39287,1
39288,1
39289,1
39290,1
39291,1
39292,1
39293,1
39294,1
39295,1
39296,1
39297,1
39298,1
39299,1
39300,1
39301,1
39302,1
39303,1
39304,1
39305,1
39306,1
39307,1
39308,1
39309,1
39310,1
39311,1
39312,1
39313,1
39314,1
39315,1
39316,1
39317,1
39318,1
39319,1
39320,1
39321,1
39322,1
39323,1
39324,1
39325,1
39326,1
39327,1
39328,1
39329,1
39330,1
39331,1
39332,1
39333,1
39334,1
39335,1
39336,1
39337,1
39338,1
39339,1
39340,1
39341,1
39342,1
39343,1
39344,1
39345,1
39346,1
39347,1
39348,1
39349,1
39350,1
39351,1
39352,1
39353,1
39354,1
39355,1
39356,1
39357,1
39358,1
39359,1
39360,1
39361,1
39362,1
39363,1
39364,1
39365,1
39366,1
39367,1
39368,1
39369,1
39370,1
39371,1
39372,1
39373,1
39374,1
39375,1
39376,1
39377,1
39378,1
39379,1
39380,1
39381,1
39382,1
39383,1
39384,1
39385,1
39386,1
39387,1
39388,1
39389,1
39390,1
39391,1
39392,1
39393,1
39394,1
39395,1
39396,1
39397,1
39398,1
39399,1
39400,1
39401,1
39402,1
39403,1
39404,1
39405,1
39406,1
39407,1
39408,1
39409,1
39410,4
39411,1
39412,1
39413,1
39414,1
39415,1
39416,1
39417,1
39418,1
39419,1
39420,1
39421,1
39422,1
39423,1
39424,1
39425,1
39426,1
39427,1
39428,1
39429,1
39430,1
39431,1
39432,1
39433,1
39434,1
39435,1
39436,1
39437,1
39438,1
39439,1
39440,1
39441,1
39442,1
39443,1
39444,1
39445,1
39446,1
39447,1
39448,1
39449,1
39450,1
39451,1
39452,1
39453,1
39454,1
39455,1
39456,1
39457,1
39458,1
39459,1
39460,1
39461,1
39462,1
39463,1
39464,1
39465,1
39466,1
39467,1
39468,1
39469,1
39470,1
39471,1
39472,1
39473,1
39474,1
39475,4
39476,1
39477,1
39478,1
39479,1
39480,1
39481,1
39482,1
39483,1
39484,1
39485,1
39486,1
39487,1
39488,1
39489,1
39490,1
39491,1
39492,1
39493,1
39494,1
39495,1
39496,1
39497,1
39498,1
39499,1
39500,1
39501,1
39502,1
39503,1
39504,1
39505,1
39506,1
39507,1
39508,1
39509,1
39510,1
39511,1
39512,1
39513,1
39514,1
39515,1
39516,1
39517,1
39518,1
39519,1
39520,1
39521,1
39522,1
39523,1
39524,1
39525,1
39526,1
39527,1
39528,1
39529,1
39530,1
39531,1
39532,1
39533,1
39534,1
39535,1
39536,1
39537,1
39538,1
39539,1
39540,1
39541,1
39542,1
39543,1
39544,1
39545,1
39546,1
39547,1
39548,1
39549,1
39550,1
39551,1
39552,1
39553,1
39554,1
39555,1
39556,1
39557,1
39558,1
39559,1
39560,1
39561,1
39562,1
39563,1
39564,1
39565,1
39566,1
39567,1
39568,1
39569,1
39570,1
39571,1
39572,1
39573,1
39574,1
39575,1
39576,1
39577,1
39578,1
39579,1
39580,1
39581,1
39582,1
39583,1
39584,1
39585,1
39586,1
39587,1
39588,1
39589,1
39590,1
39591,1
39592,1
39593,1
39594,1
39595,1
39596,1
39597,1
39598,1
39599,1
39600,1
39601,1
39602,1
39603,1
39604,1
39605,1
39606,1
39607,1
39608,1
39609,1
39610,1
39611,1
39612,1
39613,1
39614,1
39615,1
39616,1
39617,1
39618,1
39619,1
39620,1
39621,1
39622,1
39623,1
39624,1
39625,1
39626,1
39627,1
39628,1
39629,1
39630,1
39631,1
39632,1
39633,1
39634,1
39635,1
39636,1
39637,1
39638,1
39639,1
39640,1
39641,1
39642,1
39643,1
39644,1
39645,1
39646,1
39647,1
39648,1
39649,1
39650,1
39651,1
39652,1
39653,1
39654,1
39655,1
39656,1
39657,1
39658,1
39659,1
39660,1
39661,1
39662,1
39663,1
39664,1
39665,1
39666,1
39667,1
39668,1
39669,1
39670,1
39671,1
39672,1
39673,1
39674,1
39675,1
39676,1
39677,1
39678,1
39679,1
39680,1
39681,1
39682,1
39683,1
39684,1
39685,1
39686,1
39687,1
39688,1
39689,1
39690,1
39691,1
39692,1
39693,1
39694,1
39695,1
39696,1
39697,1
39698,1
39699,1
39700,1
39701,1
39702,1
39703,1
39704,1
39705,1
39706,1
39707,1
39708,1
39709,1
39710,1
39711,1
39712,1
39713,1
39714,1
39715,1
39716,1
39717,1
39718,1
39719,1
39720,1
39721,1
39722,1
39723,1
39724,1
39725,1
39726,1
39727,1
39728,1
39729,1
39730,1
39731,1
39732,1
39733,1
39734,1
39735,1
39736,1
39737,1
39738,1
39739,1
39740,1
39741,1
39742,1
39743,1
39744,1
39745,4
39746,1
39747,1
39748,1
39749,1
39750,1
39751,1
39752,1
39753,1
39754,1
39755,1
39756,1
39757,1
39758,1
39759,1
39760,1
39761,1
39762,1
39763,1
39764,1
39765,1
39766,1
39767,1
39768,1
39769,1
39770,1
39771,1
39772,1
39773,1
39774,1
39775,4
39776,1
39777,1
39778,1
39779,1
39780,1
39781,1
39782,1
39783,1
39784,1
39785,1
39786,1
39787,1
39788,1
39789,1
39790,1
39791,1
39792,1
39793,4
39794,1
39795,1
39796,1
39797,1
39798,1
39799,1
39800,1
39801,1
39802,1
39803,1
39804,1
39805,1
39806,1
39807,1
39808,1
39809,1
39810,1
39811,1
39812,1
39813,1
39814,1
39815,1
39816,1
39817,1
39818,1
39819,1
39820,1
39821,1
39822,1
39823,1
39824,1
39825,1
39826,1
39827,1
39828,1
39829,1
39830,1
39831,1
39832,1
39833,1
39834,1
39835,1
39836,1
39837,1
39838,1
39839,1
39840,1
39841,1
39842,1
39843,1
39844,1
39845,1
39846,1
39847,1
39848,1
39849,1
39850,1
39851,1
39852,1
39853,1
39854,1
39855,1
39856,1
39857,1
39858,1
39859,1
39860,1
39861,1
39862,1
39863,1
39864,1
39865,1
39866,1
39867,1
39868,1
39869,1
39870,1
39871,1
39872,1
39873,1
39874,1
39875,1
39876,1
39877,1
39878,1
39879,1
39880,1
39881,1
39882,1
39883,1
39884,1
39885,1
39886,1
39887,1
39888,1
39889,1
39890,1
39891,1
39892,1
39893,1
39894,1
39895,1
39896,1
39897,1
39898,1
39899,1
39900,1
39901,1
39902,1
39903,1
39904,1
39905,1
39906,1
39907,1
39908,1
39909,1
39910,1
39911,1
39912,1
39913,1
39914,1
39915,1
39916,1
39917,1
39918,1
39919,1
39920,1
39921,1
39922,1
39923,1
39924,1
39925,1
39926,1
39927,1
39928,1
39929,1
39930,1
39931,1
39932,1
39933,1
39934,1
39935,1
39936,1
39937,1
39938,1
39939,1
39940,1
39941,1
39942,1
39943,1
39944,1
39945,1
39946,1
39947,1
39948,1
39949,1
39950,1
39951,1
39952,1
39953,1
39954,1
39955,1
39956,1
39957,1
39958,1
39959,1
39960,1
39961,1
39962,1
39963,1
39964,4
39965,1
39966,1
39967,1
39968,1
39969,1
39970,1
39971,1
39972,1
39973,1
39974,1
39975,1
39976,1
39977,1
39978,1
39979,1
39980,1
39981,1
39982,1
39983,1
39984,1
39985,1
39986,1
39987,1
39988,1
39989,1
39990,1
39991,1
39992,1
39993,1
39994,1
39995,1
39996,1
39997,1
39998,1
39999,1
40000,1
